Nature reviews. Neuroscience,0,
Cell,1,
Nature,2,
Nature neuroscience,3,
Neuron,4,
Cell reports,5,
Developmental cell,6,
Proceedings of the National Academy of Sciences of the United States of America,7,
Nature communications,8,
eLife,9,
Current biology : CB,10,
PLoS genetics,11,
Current opinion in neurobiology,12,
PLoS biology,13,
The Journal of neuroscience : the official journal of the Society for Neuroscience,14,
Genetics,15,
BMC biology,16,
PLoS computational biology,17,
Genome biology and evolution,18,
PLoS neglected tropical diseases,19,
BMC genomics,20,
Fly,21,
Journal of neurophysiology,22,
Frontiers in cellular neuroscience,23,
The European journal of neuroscience,24,
Scientific reports,25,
BMC evolutionary biology,26,
Journal of evolutionary biology,27,
Frontiers in neuroscience,28,
Insect biochemistry and molecular biology,29,
Journal of visualized experiments : JoVE,30,
eNeuro,31,
The Journal of experimental biology,32,
The Journal of comparative neurology,33,
Proceedings. Biological sciences,34,
The Journal of biological chemistry,35,
Neurobiology of learning and memory,36,
Biology letters,37,
Frontiers in physiology,38,
Frontiers in behavioral neuroscience,39,
Neuroscience,40,
Ecology and evolution,41,
Journal of chemical ecology,42,
Insect molecular biology,43,
"G3 (Bethesda, Md.)",44,
Archives of biochemistry and biophysics,45,
Current opinion in insect science,46,
Chemical senses,47,
PloS one,48,
BMC neuroscience,49,
Journal of agricultural and food chemistry,50,
Frontiers in psychology,51,
Current pharmaceutical design,52,
Journal of insect physiology,53,
International journal of molecular sciences,54,
Biochemical and biophysical research communications,55,
Methods in cell biology,56,
PeerJ,57,
Neuroscience letters,58,
Journal of neurogenetics,59,
Die Naturwissenschaften,60,
Journal of medical entomology,61,
Bulletin of entomological research,62,
Journal of insect science (Online),63,
Insect science,64,
Journal of chemical neuroanatomy,65,
Journal of economic entomology,66,
Environmental entomology,67,
Journal of oral rehabilitation,68,
BioMed research international,69,
Behavioural processes,70,
Insects,71,
"Methods in molecular biology (Clifton, N.J.)",72,
Perception,73,
Zoological science,74,
Journal of genetics,75,
Microscopy research and technique,76,
Physiology & behavior,77,
"Temperature (Austin, Tex.)",78,
"Development (Cambridge, England)",79,
"Genes, brain, and behavior",80,
Biology open,81,
International forum of allergy & rhinology,82,
Evolution, international journal of organic evolution,83
European archives of oto-rhino-laryngology : official journal of the European Federation of Oto-Rhino-Laryngological Societies (EUFOS) : affiliated with the German Society for Oto-Rhino-Laryngology - Head and Neck Surgery,84,
Biochimica et biophysica acta,85,
Reviews in endocrine & metabolic disorders,86,
The Journal of physiology,87,
"Comparative biochemistry and physiology. Part D, Genomics & proteomics",88,
Biosensors & bioelectronics,89,
Otolaryngology--head and neck surgery : official journal of American Academy of Otolaryngology-Head and Neck Surgery,90,
Parasites & vectors,91,
Arthropod structure & development,92,
Genetics and molecular research : GMR,93,
Genes & development,94,
"Sensors (Basel, Switzerland)",95,
Endocrinology,96,
"Advances in nutrition (Bethesda, Md.)",97,
Neural plasticity,98,
Appetite,99,
Rhinology,100,
